UUID,Title,description-en,description-fr
1,Title - 1,Description - English - 1,Description - French - 1
2,Title - 2,Description - English - 2,Description - French - 2
3,Title - 3,Description - English - 3,Description - French - 3
4,Title - 4,Description - English - 4,Description - French - 4
5,Title - 5,Description - English - 5,Description - French - 5
6,Title - 6,Description - English - 6,Description - French - 6
7,Title - 7,Description - English - 7,Description - French - 7
8,Title - 8,Description - English - 8,Description - French - 8
9,Title - 9,Description - English - 9,Description - French - 9
10,Title - 10,Description - English - 10,Description - French - 10